method,ARI,NMI
KMeans,0.13717662985125637,0.1170368177140711
Agglomerative,0.002550175483234831,0.0003412392958127657
GaussianMixture,-0.0008806072197296562,4.383880466604531e-06
