train_accuracy,test_accuracy,precision,recall,f1,roc_auc
0.8301337987201861,0.813953488372093,0.6914893617021277,0.8552631578947368,0.7647058823529411,0.8892938280954183
