group,n,prevalence,predicted_positive_rate,accuracy,TPR,FPR,PPV,NPV,F1,ROC_AUC
Female,210,0.38095238095238093,0.5333333333333333,0.4857142857142857,0.525,0.5384615384615384,0.375,0.6122448979591837,0.4375,0.505673076923077
Male,220,0.32727272727272727,0.5318181818181819,0.5136363636363637,0.5694444444444444,0.5135135135135135,0.3504273504273504,0.6990291262135923,0.43386243386243384,0.5304992492492492
