group,n,prevalence,predicted_positive_rate,accuracy,TPR,FPR,PPV,NPV,F1,ROC_AUC
Female,210,0.38095238095238093,0.44285714285714284,0.7761904761904762,0.7875,0.23076923076923078,0.6774193548387096,0.8547008547008547,0.7283236994219653,0.8659615384615384
Male,220,0.32727272727272727,0.4318181818181818,0.85,0.9305555555555556,0.1891891891891892,0.7052631578947368,0.96,0.8023952095808383,0.9101914414414415
