train_accuracy,test_accuracy,precision,recall,f1,roc_auc
0.564281559045957,0.5,0.3624454148471616,0.5460526315789473,0.4356955380577428,0.5184825823551685
